https://en.wikipedia.org/wiki/%C3%85land_Islands,"wikipedia (dependent states)"
https://en.wikipedia.org/wiki/Abkhazia,"wikipedia (sovereign states)"
https://en.wikipedia.org/wiki/Aceh_Sultanate,"wikimedia (extinct states)"
https://en.wikipedia.org/wiki/Afghanistan,"wikidata (with ISO3)"
https://en.wikipedia.org/wiki/Afghanistan,"wikipedia (sovereign states)"
https://en.wikipedia.org/wiki/Al_Rashid,"wikimedia (extinct states)"
https://en.wikipedia.org/wiki/Albania,"wikidata (with ISO3)"
https://en.wikipedia.org/wiki/Albania,"wikipedia (sovereign states)"
https://en.wikipedia.org/wiki/Alderney,"wikipedia (dependent states)"
https://en.wikipedia.org/wiki/Algeria,"wikidata (with ISO3)"
https://en.wikipedia.org/wiki/Algeria,"wikipedia (sovereign states)"
https://en.wikipedia.org/wiki/Alsace-Lorraine,"wikimedia (extinct states)"
https://en.wikipedia.org/wiki/American_Samoa,"wikidata (with ISO3)"
https://en.wikipedia.org/wiki/American_Samoa,"wikipedia (dependent states)"
https://en.wikipedia.org/wiki/Andorra,"wikidata (with ISO3)"
https://en.wikipedia.org/wiki/Andorra,"wikipedia (sovereign states)"
https://en.wikipedia.org/wiki/Angola,"wikidata (with ISO3)"
https://en.wikipedia.org/wiki/Angola,"wikipedia (sovereign states)"
https://en.wikipedia.org/wiki/Anguilla,"wikidata (with ISO3)"
https://en.wikipedia.org/wiki/Anguilla,"wikipedia (dependent states)"
https://en.wikipedia.org/wiki/Anjouan,"wikimedia (extinct states)"
https://en.wikipedia.org/wiki/Antarctic,"wikidata (with ISO3)"
https://en.wikipedia.org/wiki/Antigua_and_Barbuda,"wikidata (with ISO3)"
https://en.wikipedia.org/wiki/Antigua_and_Barbuda,"wikipedia (sovereign states)"
https://en.wikipedia.org/wiki/Argentina,"wikidata (with ISO3)"
https://en.wikipedia.org/wiki/Argentina,"wikipedia (sovereign states)"
https://en.wikipedia.org/wiki/Armenia,"wikidata (with ISO3)"
https://en.wikipedia.org/wiki/Armenia,"wikipedia (sovereign states)"
https://en.wikipedia.org/wiki/Aruba,"wikidata (with ISO3)"
https://en.wikipedia.org/wiki/Aruba,"wikipedia (dependent states)"
https://en.wikipedia.org/wiki/Asanteman,"wikimedia (extinct states)"
https://en.wikipedia.org/wiki/Ascension_Island,"wikipedia (dependent states)"
https://en.wikipedia.org/wiki/Australia,"wikidata (with ISO3)"
https://en.wikipedia.org/wiki/Australia,"wikipedia (sovereign states)"
https://en.wikipedia.org/wiki/Austria,"wikidata (with ISO3)"
https://en.wikipedia.org/wiki/Austria,"wikipedia (sovereign states)"
https://en.wikipedia.org/wiki/Austria-Hungary,"wikimedia (extinct states)"
https://en.wikipedia.org/wiki/Azerbaijan,"wikidata (with ISO3)"
https://en.wikipedia.org/wiki/Azerbaijan,"wikipedia (sovereign states)"
https://en.wikipedia.org/wiki/Baden,"wikimedia (extinct states)"
https://en.wikipedia.org/wiki/Bahrain,"wikidata (with ISO3)"
https://en.wikipedia.org/wiki/Bahrain,"wikipedia (sovereign states)"
https://en.wikipedia.org/wiki/Bangladesh,"wikidata (with ISO3)"
https://en.wikipedia.org/wiki/Bangladesh,"wikipedia (sovereign states)"
https://en.wikipedia.org/wiki/Barbados,"wikidata (with ISO3)"
https://en.wikipedia.org/wiki/Barbados,"wikipedia (sovereign states)"
https://en.wikipedia.org/wiki/Bavaria,"wikimedia (extinct states)"
https://en.wikipedia.org/wiki/Belarus,"wikidata (with ISO3)"
https://en.wikipedia.org/wiki/Belarus,"wikipedia (sovereign states)"
https://en.wikipedia.org/wiki/Belgium,"wikidata (with ISO3)"
https://en.wikipedia.org/wiki/Belgium,"wikipedia (sovereign states)"
https://en.wikipedia.org/wiki/Belize,"wikidata (with ISO3)"
https://en.wikipedia.org/wiki/Belize,"wikipedia (sovereign states)"
https://en.wikipedia.org/wiki/Benin,"wikidata (with ISO3)"
https://en.wikipedia.org/wiki/Benin,"wikipedia (sovereign states)"
https://en.wikipedia.org/wiki/Bermuda,"wikidata (with ISO3)"
https://en.wikipedia.org/wiki/Bermuda,"wikipedia (dependent states)"
https://en.wikipedia.org/wiki/Bhutan,"wikidata (with ISO3)"
https://en.wikipedia.org/wiki/Bhutan,"wikipedia (sovereign states)"
https://en.wikipedia.org/wiki/Biafra,"wikimedia (extinct states)"
https://en.wikipedia.org/wiki/Bolivia,"wikidata (with ISO3)"
https://en.wikipedia.org/wiki/Bolivia,"wikipedia (sovereign states)"
https://en.wikipedia.org/wiki/Bonaire,"wikipedia (dependent states)"
https://en.wikipedia.org/wiki/Bophuthatswana,"wikimedia (extinct states)"
https://en.wikipedia.org/wiki/Bosnia_and_Herzegovina,"wikidata (with ISO3)"
https://en.wikipedia.org/wiki/Bosnia_and_Herzegovina,"wikipedia (sovereign states)"
https://en.wikipedia.org/wiki/Botswana,"wikidata (with ISO3)"
https://en.wikipedia.org/wiki/Botswana,"wikipedia (sovereign states)"
https://en.wikipedia.org/wiki/Bougainville_Province,"wikimedia (extinct states)"
https://en.wikipedia.org/wiki/Bouvet_Island,"wikidata (with ISO3)"
https://en.wikipedia.org/wiki/Brazil,"wikidata (with ISO3)"
https://en.wikipedia.org/wiki/Brazil,"wikipedia (sovereign states)"
https://en.wikipedia.org/wiki/British_Antarctic_Territory,"wikipedia (dependent states)"
https://en.wikipedia.org/wiki/British_Indian_Ocean_Territory,"wikidata (with ISO3)"
https://en.wikipedia.org/wiki/British_Indian_Ocean_Territory,"wikipedia (dependent states)"
https://en.wikipedia.org/wiki/British_Virgin_Islands,"wikidata (with ISO3)"
https://en.wikipedia.org/wiki/British_Virgin_Islands,"wikipedia (dependent states)"
https://en.wikipedia.org/wiki/Brittany,"wikimedia (extinct states)"
https://en.wikipedia.org/wiki/Brunei,"wikidata (with ISO3)"
https://en.wikipedia.org/wiki/Brunei,"wikipedia (sovereign states)"
https://en.wikipedia.org/wiki/Bulgaria,"wikidata (with ISO3)"
https://en.wikipedia.org/wiki/Bulgaria,"wikipedia (sovereign states)"
https://en.wikipedia.org/wiki/Burkina_Faso,"wikidata (with ISO3)"
https://en.wikipedia.org/wiki/Burkina_Faso,"wikipedia (sovereign states)"
https://en.wikipedia.org/wiki/Burma,"wikidata (with ISO3)"
https://en.wikipedia.org/wiki/Burma,"wikipedia (sovereign states)"
https://en.wikipedia.org/wiki/Burundi,"wikidata (with ISO3)"
https://en.wikipedia.org/wiki/Burundi,"wikipedia (sovereign states)"
https://en.wikipedia.org/wiki/California_Republic,"wikimedia (extinct states)"
https://en.wikipedia.org/wiki/Cambodia,"wikidata (with ISO3)"
https://en.wikipedia.org/wiki/Cambodia,"wikipedia (sovereign states)"
https://en.wikipedia.org/wiki/Cameroon,"wikidata (with ISO3)"
https://en.wikipedia.org/wiki/Cameroon,"wikipedia (sovereign states)"
https://en.wikipedia.org/wiki/Canada,"wikidata (with ISO3)"
https://en.wikipedia.org/wiki/Canada,"wikipedia (sovereign states)"
https://en.wikipedia.org/wiki/Cape_Verde,"wikidata (with ISO3)"
https://en.wikipedia.org/wiki/Cape_Verde,"wikipedia (sovereign states)"
https://en.wikipedia.org/wiki/Caribbean_Netherlands,"wikidata (with ISO3)"
https://en.wikipedia.org/wiki/Cayman_Islands,"wikidata (with ISO3)"
https://en.wikipedia.org/wiki/Cayman_Islands,"wikipedia (dependent states)"
https://en.wikipedia.org/wiki/Central_African_Republic,"wikidata (with ISO3)"
https://en.wikipedia.org/wiki/Central_African_Republic,"wikipedia (sovereign states)"
https://en.wikipedia.org/wiki/Chad,"wikidata (with ISO3)"
https://en.wikipedia.org/wiki/Chad,"wikipedia (sovereign states)"
https://en.wikipedia.org/wiki/Chile,"wikidata (with ISO3)"
https://en.wikipedia.org/wiki/Chile,"wikipedia (sovereign states)"
https://en.wikipedia.org/wiki/China,"wikidata (with ISO3)"
https://en.wikipedia.org/wiki/China,"wikipedia (sovereign states)"
https://en.wikipedia.org/wiki/Christmas_Island,"wikidata (with ISO3)"
https://en.wikipedia.org/wiki/Christmas_Island,"wikipedia (dependent states)"
https://en.wikipedia.org/wiki/Ciskei,"wikimedia (extinct states)"
https://en.wikipedia.org/wiki/Cocos_(Keeling)_Islands,"wikidata (with ISO3)"
https://en.wikipedia.org/wiki/Cocos_(Keeling)_Islands,"wikipedia (dependent states)"
https://en.wikipedia.org/wiki/Collectivity_of_Saint_Martin,"wikidata (with ISO3)"
https://en.wikipedia.org/wiki/Colombia,"wikidata (with ISO3)"
https://en.wikipedia.org/wiki/Colombia,"wikipedia (sovereign states)"
https://en.wikipedia.org/wiki/Comoros,"wikidata (with ISO3)"
https://en.wikipedia.org/wiki/Comoros,"wikipedia (sovereign states)"
https://en.wikipedia.org/wiki/Confederate_States_of_America,"wikimedia (extinct states)"
https://en.wikipedia.org/wiki/Cook_Islands,"wikidata (with ISO3)"
https://en.wikipedia.org/wiki/Cook_Islands,"wikipedia (dependent states)"
https://en.wikipedia.org/wiki/Cook_Islands,"wikipedia (sovereign states)"
https://en.wikipedia.org/wiki/Cornwall,"wikimedia (extinct states)"
https://en.wikipedia.org/wiki/Corsica,"wikimedia (extinct states)"
https://en.wikipedia.org/wiki/Cospaia,"wikimedia (extinct states)"
https://en.wikipedia.org/wiki/Costa_Rica,"wikidata (with ISO3)"
https://en.wikipedia.org/wiki/Costa_Rica,"wikipedia (sovereign states)"
https://en.wikipedia.org/wiki/Crimea,"wikimedia (extinct states)"
https://en.wikipedia.org/wiki/Croatia,"wikidata (with ISO3)"
https://en.wikipedia.org/wiki/Croatia,"wikipedia (sovereign states)"
https://en.wikipedia.org/wiki/Cuba,"wikidata (with ISO3)"
https://en.wikipedia.org/wiki/Cuba,"wikipedia (sovereign states)"
https://en.wikipedia.org/wiki/Cura%C3%A7ao,"wikipedia (dependent states)"
"https://en.wikipedia.org/wiki/Curaçao","wikidata (with ISO3)"
https://en.wikipedia.org/wiki/Cyprus,"wikidata (with ISO3)"
https://en.wikipedia.org/wiki/Cyprus,"wikipedia (sovereign states)"
https://en.wikipedia.org/wiki/Czech_Republic,"wikidata (with ISO3)"
https://en.wikipedia.org/wiki/Czech_Republic,"wikimedia (extinct states)"
https://en.wikipedia.org/wiki/Czech_Republic,"wikipedia (sovereign states)"
https://en.wikipedia.org/wiki/Democratic_Republic_of_the_Congo,"wikidata (with ISO3)"
https://en.wikipedia.org/wiki/Democratic_Republic_of_the_Congo,"wikipedia (sovereign states)"
https://en.wikipedia.org/wiki/Denmark,"wikidata (with ISO3)"
https://en.wikipedia.org/wiki/Denmark,"wikipedia (sovereign states)"
https://en.wikipedia.org/wiki/Djibouti,"wikidata (with ISO3)"
https://en.wikipedia.org/wiki/Djibouti,"wikipedia (sovereign states)"
https://en.wikipedia.org/wiki/Dominica,"wikidata (with ISO3)"
https://en.wikipedia.org/wiki/Dominica,"wikipedia (sovereign states)"
https://en.wikipedia.org/wiki/Dominican_Republic,"wikidata (with ISO3)"
https://en.wikipedia.org/wiki/Dominican_Republic,"wikipedia (sovereign states)"
https://en.wikipedia.org/wiki/East_Timor,"wikidata (with ISO3)"
https://en.wikipedia.org/wiki/East_Timor,"wikipedia (sovereign states)"
https://en.wikipedia.org/wiki/Easter_Island,"wikipedia (dependent states)"
https://en.wikipedia.org/wiki/Ecuador,"wikidata (with ISO3)"
https://en.wikipedia.org/wiki/Ecuador,"wikipedia (sovereign states)"
https://en.wikipedia.org/wiki/Egypt,"wikidata (with ISO3)"
https://en.wikipedia.org/wiki/Egypt,"wikipedia (sovereign states)"
https://en.wikipedia.org/wiki/El_Salvador,"wikidata (with ISO3)"
https://en.wikipedia.org/wiki/El_Salvador,"wikipedia (sovereign states)"
https://en.wikipedia.org/wiki/Equatorial_Guinea,"wikidata (with ISO3)"
https://en.wikipedia.org/wiki/Equatorial_Guinea,"wikipedia (sovereign states)"
https://en.wikipedia.org/wiki/Eritrea,"wikidata (with ISO3)"
https://en.wikipedia.org/wiki/Eritrea,"wikipedia (sovereign states)"
https://en.wikipedia.org/wiki/Estonia,"wikidata (with ISO3)"
https://en.wikipedia.org/wiki/Estonia,"wikipedia (sovereign states)"
https://en.wikipedia.org/wiki/Ethiopia,"wikidata (with ISO3)"
https://en.wikipedia.org/wiki/Ethiopia,"wikipedia (sovereign states)"
https://en.wikipedia.org/wiki/Falkland_Islands,"wikidata (with ISO3)"
https://en.wikipedia.org/wiki/Falkland_Islands,"wikipedia (dependent states)"
https://en.wikipedia.org/wiki/Faroe_Islands,"wikidata (with ISO3)"
https://en.wikipedia.org/wiki/Faroe_Islands,"wikipedia (dependent states)"
https://en.wikipedia.org/wiki/Federated_States_of_Micronesia,"wikidata (with ISO3)"
https://en.wikipedia.org/wiki/Federated_States_of_Micronesia,"wikipedia (sovereign states)"
https://en.wikipedia.org/wiki/Federation_of_Rhodesia_and_Nyasaland,"wikimedia (extinct states)"
https://en.wikipedia.org/wiki/Fiji,"wikidata (with ISO3)"
https://en.wikipedia.org/wiki/Fiji,"wikipedia (sovereign states)"
https://en.wikipedia.org/wiki/Finland,"wikidata (with ISO3)"
https://en.wikipedia.org/wiki/Finland,"wikipedia (sovereign states)"
https://en.wikipedia.org/wiki/France,"wikidata (with ISO3)"
https://en.wikipedia.org/wiki/France,"wikipedia (sovereign states)"
https://en.wikipedia.org/wiki/Free_City_of_Danzig,"wikimedia (extinct states)"
https://en.wikipedia.org/wiki/Free_State_of_Fiume,"wikimedia (extinct states)"
https://en.wikipedia.org/wiki/Free_Territory_of_Trieste,"wikimedia (extinct states)"
https://en.wikipedia.org/wiki/French_Guiana,"wikidata (with ISO3)"
https://en.wikipedia.org/wiki/French_Polynesia,"wikidata (with ISO3)"
https://en.wikipedia.org/wiki/French_Polynesia,"wikipedia (dependent states)"
https://en.wikipedia.org/wiki/French_Southern_and_Antarctic_Lands,"wikidata (with ISO3)"
https://en.wikipedia.org/wiki/French_Southern_and_Antarctic_Lands,"wikipedia (dependent states)"
https://en.wikipedia.org/wiki/Friuli,"wikimedia (extinct states)"
https://en.wikipedia.org/wiki/Gabon,"wikidata (with ISO3)"
https://en.wikipedia.org/wiki/Gabon,"wikipedia (sovereign states)"
https://en.wikipedia.org/wiki/Galician_Soviet_Socialist_Republic,"wikimedia (extinct states)"
https://en.wikipedia.org/wiki/Georgia_(country),"wikidata (with ISO3)"
https://en.wikipedia.org/wiki/Georgia_(country),"wikipedia (sovereign states)"
https://en.wikipedia.org/wiki/German_Democratic_Republic,"wikimedia (extinct states)"
https://en.wikipedia.org/wiki/Germany,"wikidata (with ISO3)"
https://en.wikipedia.org/wiki/Germany,"wikipedia (sovereign states)"
https://en.wikipedia.org/wiki/Ghana,"wikidata (with ISO3)"
https://en.wikipedia.org/wiki/Ghana,"wikipedia (sovereign states)"
https://en.wikipedia.org/wiki/Gibraltar,"wikidata (with ISO3)"
https://en.wikipedia.org/wiki/Gibraltar,"wikipedia (dependent states)"
https://en.wikipedia.org/wiki/Grand_Duchy_of_Hesse,"wikimedia (extinct states)"
https://en.wikipedia.org/wiki/Grand_Duchy_of_Tuscany,"wikimedia (extinct states)"
https://en.wikipedia.org/wiki/Greece,"wikidata (with ISO3)"
https://en.wikipedia.org/wiki/Greece,"wikipedia (sovereign states)"
https://en.wikipedia.org/wiki/Greenland,"wikidata (with ISO3)"
https://en.wikipedia.org/wiki/Greenland,"wikipedia (dependent states)"
https://en.wikipedia.org/wiki/Grenada,"wikidata (with ISO3)"
https://en.wikipedia.org/wiki/Grenada,"wikipedia (sovereign states)"
https://en.wikipedia.org/wiki/Guadeloupe,"wikidata (with ISO3)"
https://en.wikipedia.org/wiki/Guam,"wikidata (with ISO3)"
https://en.wikipedia.org/wiki/Guam,"wikipedia (dependent states)"
https://en.wikipedia.org/wiki/Guatemala,"wikidata (with ISO3)"
https://en.wikipedia.org/wiki/Guatemala,"wikipedia (sovereign states)"
https://en.wikipedia.org/wiki/Guernsey,"wikidata (with ISO3)"
https://en.wikipedia.org/wiki/Guernsey,"wikipedia (dependent states)"
https://en.wikipedia.org/wiki/Guinea,"wikidata (with ISO3)"
https://en.wikipedia.org/wiki/Guinea,"wikipedia (sovereign states)"
https://en.wikipedia.org/wiki/Guinea-Bissau,"wikidata (with ISO3)"
https://en.wikipedia.org/wiki/Guinea-Bissau,"wikipedia (sovereign states)"
https://en.wikipedia.org/wiki/Guyana,"wikidata (with ISO3)"
https://en.wikipedia.org/wiki/Guyana,"wikipedia (sovereign states)"
https://en.wikipedia.org/wiki/Haiti,"wikidata (with ISO3)"
https://en.wikipedia.org/wiki/Haiti,"wikipedia (sovereign states)"
https://en.wikipedia.org/wiki/Heard_Island_and_McDonald_Islands,"wikidata (with ISO3)"
https://en.wikipedia.org/wiki/Herm,"wikipedia (dependent states)"
https://en.wikipedia.org/wiki/Honduras,"wikidata (with ISO3)"
https://en.wikipedia.org/wiki/Honduras,"wikipedia (sovereign states)"
https://en.wikipedia.org/wiki/Hong_Kong,"wikidata (with ISO3)"
https://en.wikipedia.org/wiki/Hong_Kong,"wikipedia (dependent states)"
https://en.wikipedia.org/wiki/Hungary,"wikidata (with ISO3)"
https://en.wikipedia.org/wiki/Hungary,"wikipedia (sovereign states)"
https://en.wikipedia.org/wiki/Iceland,"wikidata (with ISO3)"
https://en.wikipedia.org/wiki/Iceland,"wikipedia (sovereign states)"
https://en.wikipedia.org/wiki/Idel-Ural_State,"wikimedia (extinct states)"
https://en.wikipedia.org/wiki/India,"wikidata (with ISO3)"
https://en.wikipedia.org/wiki/India,"wikipedia (sovereign states)"
https://en.wikipedia.org/wiki/Indonesia,"wikidata (with ISO3)"
https://en.wikipedia.org/wiki/Indonesia,"wikipedia (sovereign states)"
https://en.wikipedia.org/wiki/Iran,"wikidata (with ISO3)"
https://en.wikipedia.org/wiki/Iran,"wikipedia (sovereign states)"
https://en.wikipedia.org/wiki/Iraq,"wikidata (with ISO3)"
https://en.wikipedia.org/wiki/Iraq,"wikipedia (sovereign states)"
https://en.wikipedia.org/wiki/Islands_of_Refreshment,"wikimedia (extinct states)"
https://en.wikipedia.org/wiki/Isle_of_Man,"wikidata (with ISO3)"
https://en.wikipedia.org/wiki/Isle_of_Man,"wikipedia (dependent states)"
https://en.wikipedia.org/wiki/Israel,"wikidata (with ISO3)"
https://en.wikipedia.org/wiki/Israel,"wikipedia (sovereign states)"
https://en.wikipedia.org/wiki/Italy,"wikidata (with ISO3)"
https://en.wikipedia.org/wiki/Italy,"wikipedia (sovereign states)"
https://en.wikipedia.org/wiki/Ivory_Coast,"wikidata (with ISO3)"
https://en.wikipedia.org/wiki/Ivory_Coast,"wikipedia (sovereign states)"
https://en.wikipedia.org/wiki/Jamaica,"wikidata (with ISO3)"
https://en.wikipedia.org/wiki/Jamaica,"wikipedia (sovereign states)"
https://en.wikipedia.org/wiki/Japan,"wikidata (with ISO3)"
https://en.wikipedia.org/wiki/Japan,"wikipedia (sovereign states)"
https://en.wikipedia.org/wiki/Jersey,"wikidata (with ISO3)"
https://en.wikipedia.org/wiki/Jersey,"wikipedia (dependent states)"
https://en.wikipedia.org/wiki/Jordan,"wikidata (with ISO3)"
https://en.wikipedia.org/wiki/Jordan,"wikipedia (sovereign states)"
https://en.wikipedia.org/wiki/Kazakhstan,"wikidata (with ISO3)"
https://en.wikipedia.org/wiki/Kazakhstan,"wikipedia (sovereign states)"
https://en.wikipedia.org/wiki/Kenya,"wikidata (with ISO3)"
https://en.wikipedia.org/wiki/Kenya,"wikipedia (sovereign states)"
https://en.wikipedia.org/wiki/Kingdom_of_England,"wikimedia (extinct states)"
https://en.wikipedia.org/wiki/Kingdom_of_France,"wikimedia (extinct states)"
https://en.wikipedia.org/wiki/Kingdom_of_Hawaii,"wikimedia (extinct states)"
https://en.wikipedia.org/wiki/Kingdom_of_Kurdistan,"wikimedia (extinct states)"
https://en.wikipedia.org/wiki/Kingdom_of_Merina,"wikimedia (extinct states)"
https://en.wikipedia.org/wiki/Kingdom_of_Sardinia,"wikimedia (extinct states)"
https://en.wikipedia.org/wiki/Kingdom_of_Scotland,"wikimedia (extinct states)"
https://en.wikipedia.org/wiki/Kingdom_of_Yugoslavia,"wikimedia (extinct states)"
https://en.wikipedia.org/wiki/Kingdom_of_the_Netherlands,"wikipedia (sovereign states)"
https://en.wikipedia.org/wiki/Kingdom_of_the_Two_Sicilies,"wikimedia (extinct states)"
https://en.wikipedia.org/wiki/Kiribati,"wikidata (with ISO3)"
https://en.wikipedia.org/wiki/Kiribati,"wikipedia (sovereign states)"
https://en.wikipedia.org/wiki/Kosovo,"wikipedia (sovereign states)"
https://en.wikipedia.org/wiki/Kuban_People%27s_Republic,"wikimedia (extinct states)"
https://en.wikipedia.org/wiki/Kuwait,"wikidata (with ISO3)"
https://en.wikipedia.org/wiki/Kuwait,"wikipedia (sovereign states)"
https://en.wikipedia.org/wiki/Kyrgyzstan,"wikidata (with ISO3)"
https://en.wikipedia.org/wiki/Kyrgyzstan,"wikipedia (sovereign states)"
https://en.wikipedia.org/wiki/Laos,"wikidata (with ISO3)"
https://en.wikipedia.org/wiki/Laos,"wikipedia (sovereign states)"
https://en.wikipedia.org/wiki/Latvia,"wikidata (with ISO3)"
https://en.wikipedia.org/wiki/Latvia,"wikipedia (sovereign states)"
https://en.wikipedia.org/wiki/Lebanon,"wikidata (with ISO3)"
https://en.wikipedia.org/wiki/Lebanon,"wikipedia (sovereign states)"
https://en.wikipedia.org/wiki/Lesotho,"wikidata (with ISO3)"
https://en.wikipedia.org/wiki/Lesotho,"wikipedia (sovereign states)"
https://en.wikipedia.org/wiki/Liberia,"wikidata (with ISO3)"
https://en.wikipedia.org/wiki/Liberia,"wikipedia (sovereign states)"
https://en.wikipedia.org/wiki/Libya,"wikidata (with ISO3)"
https://en.wikipedia.org/wiki/Libya,"wikipedia (sovereign states)"
https://en.wikipedia.org/wiki/Liechtenstein,"wikidata (with ISO3)"
https://en.wikipedia.org/wiki/Liechtenstein,"wikipedia (sovereign states)"
https://en.wikipedia.org/wiki/Lithuania,"wikidata (with ISO3)"
https://en.wikipedia.org/wiki/Lithuania,"wikipedia (sovereign states)"
"https://en.wikipedia.org/wiki/Los_Altos,_Central_America","wikimedia (extinct states)"
https://en.wikipedia.org/wiki/Luxembourg,"wikidata (with ISO3)"
https://en.wikipedia.org/wiki/Luxembourg,"wikipedia (sovereign states)"
https://en.wikipedia.org/wiki/Macau,"wikidata (with ISO3)"
https://en.wikipedia.org/wiki/Macau,"wikipedia (dependent states)"
https://en.wikipedia.org/wiki/Madagascar,"wikidata (with ISO3)"
https://en.wikipedia.org/wiki/Madagascar,"wikipedia (sovereign states)"
https://en.wikipedia.org/wiki/Malawi,"wikidata (with ISO3)"
https://en.wikipedia.org/wiki/Malawi,"wikipedia (sovereign states)"
https://en.wikipedia.org/wiki/Malaysia,"wikidata (with ISO3)"
https://en.wikipedia.org/wiki/Malaysia,"wikipedia (sovereign states)"
https://en.wikipedia.org/wiki/Maldives,"wikidata (with ISO3)"
https://en.wikipedia.org/wiki/Maldives,"wikipedia (sovereign states)"
https://en.wikipedia.org/wiki/Mali,"wikidata (with ISO3)"
https://en.wikipedia.org/wiki/Mali,"wikipedia (sovereign states)"
https://en.wikipedia.org/wiki/Malta,"wikidata (with ISO3)"
https://en.wikipedia.org/wiki/Malta,"wikipedia (sovereign states)"
https://en.wikipedia.org/wiki/Manchukuo,"wikimedia (extinct states)"
https://en.wikipedia.org/wiki/Marathi_Empire,"wikimedia (extinct states)"
https://en.wikipedia.org/wiki/Marshall_Islands,"wikidata (with ISO3)"
https://en.wikipedia.org/wiki/Marshall_Islands,"wikipedia (sovereign states)"
https://en.wikipedia.org/wiki/Martinique,"wikidata (with ISO3)"
https://en.wikipedia.org/wiki/Mataram_Sultanate,"wikimedia (extinct states)"
https://en.wikipedia.org/wiki/Mauritania,"wikidata (with ISO3)"
https://en.wikipedia.org/wiki/Mauritania,"wikipedia (sovereign states)"
https://en.wikipedia.org/wiki/Mauritius,"wikidata (with ISO3)"
https://en.wikipedia.org/wiki/Mauritius,"wikipedia (sovereign states)"
https://en.wikipedia.org/wiki/Mayotte,"wikidata (with ISO3)"
https://en.wikipedia.org/wiki/Mengjiang,"wikimedia (extinct states)"
https://en.wikipedia.org/wiki/Menton,"wikimedia (extinct states)"
https://en.wikipedia.org/wiki/Mexico,"wikidata (with ISO3)"
https://en.wikipedia.org/wiki/Mexico,"wikipedia (sovereign states)"
https://en.wikipedia.org/wiki/Moh%C3%A9li,"wikimedia (extinct states)"
https://en.wikipedia.org/wiki/Moldova,"wikidata (with ISO3)"
https://en.wikipedia.org/wiki/Moldova,"wikipedia (sovereign states)"
https://en.wikipedia.org/wiki/Monaco,"wikidata (with ISO3)"
https://en.wikipedia.org/wiki/Monaco,"wikipedia (sovereign states)"
https://en.wikipedia.org/wiki/Mongolia,"wikidata (with ISO3)"
https://en.wikipedia.org/wiki/Mongolia,"wikipedia (sovereign states)"
https://en.wikipedia.org/wiki/Montenegro,"wikidata (with ISO3)"
https://en.wikipedia.org/wiki/Montenegro,"wikipedia (sovereign states)"
https://en.wikipedia.org/wiki/Montserrat,"wikidata (with ISO3)"
https://en.wikipedia.org/wiki/Montserrat,"wikipedia (dependent states)"
https://en.wikipedia.org/wiki/Morocco,"wikidata (with ISO3)"
https://en.wikipedia.org/wiki/Morocco,"wikipedia (sovereign states)"
https://en.wikipedia.org/wiki/Most_Serene_Republic_of_Genoa,"wikimedia (extinct states)"
https://en.wikipedia.org/wiki/Most_Serene_Republic_of_Venice,"wikimedia (extinct states)"
https://en.wikipedia.org/wiki/Mozambique,"wikidata (with ISO3)"
https://en.wikipedia.org/wiki/Mozambique,"wikipedia (sovereign states)"
https://en.wikipedia.org/wiki/Nagorno-Karabakh_Republic,"wikipedia (sovereign states)"
https://en.wikipedia.org/wiki/Namibia,"wikidata (with ISO3)"
https://en.wikipedia.org/wiki/Namibia,"wikipedia (sovereign states)"
https://en.wikipedia.org/wiki/Natalia_Republic,"wikimedia (extinct states)"
https://en.wikipedia.org/wiki/Nauru,"wikidata (with ISO3)"
https://en.wikipedia.org/wiki/Nauru,"wikipedia (sovereign states)"
https://en.wikipedia.org/wiki/Nepal,"wikidata (with ISO3)"
https://en.wikipedia.org/wiki/Nepal,"wikipedia (sovereign states)"
https://en.wikipedia.org/wiki/Netherlands,"wikidata (with ISO3)"
https://en.wikipedia.org/wiki/New_Caledonia,"wikidata (with ISO3)"
https://en.wikipedia.org/wiki/New_Caledonia,"wikipedia (dependent states)"
https://en.wikipedia.org/wiki/New_Zealand,"wikidata (with ISO3)"
https://en.wikipedia.org/wiki/New_Zealand,"wikipedia (sovereign states)"
https://en.wikipedia.org/wiki/Nicaragua,"wikidata (with ISO3)"
https://en.wikipedia.org/wiki/Nicaragua,"wikipedia (sovereign states)"
https://en.wikipedia.org/wiki/Niger,"wikidata (with ISO3)"
https://en.wikipedia.org/wiki/Niger,"wikipedia (sovereign states)"
https://en.wikipedia.org/wiki/Nigeria,"wikidata (with ISO3)"
https://en.wikipedia.org/wiki/Nigeria,"wikipedia (sovereign states)"
https://en.wikipedia.org/wiki/Niue,"wikidata (with ISO3)"
https://en.wikipedia.org/wiki/Niue,"wikipedia (dependent states)"
https://en.wikipedia.org/wiki/Niue,"wikipedia (sovereign states)"
https://en.wikipedia.org/wiki/Norfolk_Island,"wikidata (with ISO3)"
https://en.wikipedia.org/wiki/Norfolk_Island,"wikipedia (dependent states)"
https://en.wikipedia.org/wiki/North_Korea,"wikidata (with ISO3)"
https://en.wikipedia.org/wiki/North_Korea,"wikipedia (sovereign states)"
https://en.wikipedia.org/wiki/Northern_Cyprus,"wikipedia (sovereign states)"
https://en.wikipedia.org/wiki/Northern_Mariana_Islands,"wikidata (with ISO3)"
https://en.wikipedia.org/wiki/Northern_Mariana_Islands,"wikipedia (dependent states)"
https://en.wikipedia.org/wiki/Norway,"wikidata (with ISO3)"
https://en.wikipedia.org/wiki/Norway,"wikipedia (sovereign states)"
https://en.wikipedia.org/wiki/Oman,"wikidata (with ISO3)"
https://en.wikipedia.org/wiki/Oman,"wikipedia (sovereign states)"
https://en.wikipedia.org/wiki/Orange_Free_State,"wikimedia (extinct states)"
https://en.wikipedia.org/wiki/Ottoman_Empire,"wikimedia (extinct states)"
https://en.wikipedia.org/wiki/Pakistan,"wikidata (with ISO3)"
https://en.wikipedia.org/wiki/Pakistan,"wikipedia (sovereign states)"
https://en.wikipedia.org/wiki/Palau,"wikidata (with ISO3)"
https://en.wikipedia.org/wiki/Palau,"wikipedia (sovereign states)"
https://en.wikipedia.org/wiki/Panama,"wikidata (with ISO3)"
https://en.wikipedia.org/wiki/Panama,"wikipedia (sovereign states)"
https://en.wikipedia.org/wiki/Papua_New_Guinea,"wikidata (with ISO3)"
https://en.wikipedia.org/wiki/Papua_New_Guinea,"wikipedia (sovereign states)"
https://en.wikipedia.org/wiki/Paraguay,"wikidata (with ISO3)"
https://en.wikipedia.org/wiki/Paraguay,"wikipedia (sovereign states)"
https://en.wikipedia.org/wiki/Peru,"wikidata (with ISO3)"
https://en.wikipedia.org/wiki/Peru,"wikipedia (sovereign states)"
https://en.wikipedia.org/wiki/Philippines,"wikidata (with ISO3)"
https://en.wikipedia.org/wiki/Philippines,"wikipedia (sovereign states)"
https://en.wikipedia.org/wiki/Pitcairn_Islands,"wikidata (with ISO3)"
https://en.wikipedia.org/wiki/Pitcairn_Islands,"wikipedia (dependent states)"
https://en.wikipedia.org/wiki/Poland,"wikidata (with ISO3)"
https://en.wikipedia.org/wiki/Poland,"wikipedia (sovereign states)"
https://en.wikipedia.org/wiki/Portugal,"wikidata (with ISO3)"
https://en.wikipedia.org/wiki/Portugal,"wikipedia (sovereign states)"
https://en.wikipedia.org/wiki/Provisional_Revolutionary_Government_of_the_Republic_of_South_Vietnam,"wikimedia (extinct states)"
https://en.wikipedia.org/wiki/Puerto_Rico,"wikidata (with ISO3)"
https://en.wikipedia.org/wiki/Puerto_Rico,"wikipedia (dependent states)"
https://en.wikipedia.org/wiki/Qatar,"wikidata (with ISO3)"
https://en.wikipedia.org/wiki/Qatar,"wikipedia (sovereign states)"
https://en.wikipedia.org/wiki/Republic_of_Anguilla,"wikimedia (extinct states)"
https://en.wikipedia.org/wiki/Republic_of_Baja_California,"wikimedia (extinct states)"
https://en.wikipedia.org/wiki/Republic_of_Benin_(unrecognized_state),"wikimedia (extinct states)"
https://en.wikipedia.org/wiki/Republic_of_Cabinda,"wikimedia (extinct states)"
https://en.wikipedia.org/wiki/Republic_of_Crete,"wikimedia (extinct states)"
https://en.wikipedia.org/wiki/Republic_of_Ezo,"wikimedia (extinct states)"
https://en.wikipedia.org/wiki/Republic_of_Formosa,"wikimedia (extinct states)"
https://en.wikipedia.org/wiki/Republic_of_Gagauzia,"wikimedia (extinct states)"
https://en.wikipedia.org/wiki/Republic_of_Ireland,"wikidata (with ISO3)"
https://en.wikipedia.org/wiki/Republic_of_Ireland,"wikipedia (sovereign states)"
https://en.wikipedia.org/wiki/Republic_of_Macedonia,"wikidata (with ISO3)"
https://en.wikipedia.org/wiki/Republic_of_Macedonia,"wikipedia (sovereign states)"
https://en.wikipedia.org/wiki/Republic_of_Mahabad,"wikimedia (extinct states)"
https://en.wikipedia.org/wiki/Republic_of_Ragusa,"wikimedia (extinct states)"
https://en.wikipedia.org/wiki/Republic_of_Serbian_Krajina,"wikimedia (extinct states)"
https://en.wikipedia.org/wiki/Republic_of_Sonora,"wikimedia (extinct states)"
https://en.wikipedia.org/wiki/Republic_of_Texas,"wikimedia (extinct states)"
https://en.wikipedia.org/wiki/Republic_of_Vietnam,"wikimedia (extinct states)"
https://en.wikipedia.org/wiki/Republic_of_West_Florida,"wikimedia (extinct states)"
https://en.wikipedia.org/wiki/Republic_of_Western_Bosnia,"wikimedia (extinct states)"
https://en.wikipedia.org/wiki/Republic_of_the_Congo,"wikidata (with ISO3)"
https://en.wikipedia.org/wiki/Republic_of_the_Congo,"wikipedia (sovereign states)"
https://en.wikipedia.org/wiki/Republic_of_the_Rif,"wikimedia (extinct states)"
https://en.wikipedia.org/wiki/Republic_of_the_Rio_Grande,"wikimedia (extinct states)"
https://en.wikipedia.org/wiki/Rhodesia,"wikimedia (extinct states)"
https://en.wikipedia.org/wiki/Rio_Grande_do_Sul,"wikimedia (extinct states)"
https://en.wikipedia.org/wiki/Romania,"wikidata (with ISO3)"
https://en.wikipedia.org/wiki/Romania,"wikipedia (sovereign states)"
https://en.wikipedia.org/wiki/Russia,"wikidata (with ISO3)"
https://en.wikipedia.org/wiki/Russia,"wikipedia (sovereign states)"
https://en.wikipedia.org/wiki/Rwanda,"wikidata (with ISO3)"
https://en.wikipedia.org/wiki/Rwanda,"wikipedia (sovereign states)"
https://en.wikipedia.org/wiki/Ry%C5%ABky%C5%AB_Kingdom,"wikimedia (extinct states)"
"https://en.wikipedia.org/wiki/Réunion","wikidata (with ISO3)"
https://en.wikipedia.org/wiki/S%C3%A3o_Tom%C3%A9_and_Pr%C3%ADncipe,"wikipedia (sovereign states)"
https://en.wikipedia.org/wiki/SFR_Yugoslavia,"wikimedia (extinct states)"
https://en.wikipedia.org/wiki/Saba,"wikipedia (dependent states)"
https://en.wikipedia.org/wiki/Sahrawi_Arab_Democratic_Republic,"wikipedia (sovereign states)"
https://en.wikipedia.org/wiki/Saint_Barthelemy,"wikipedia (dependent states)"
"https://en.wikipedia.org/wiki/Saint_Barthélemy","wikidata (with ISO3)"
https://en.wikipedia.org/wiki/Saint_Helena,"wikipedia (dependent states)"
"https://en.wikipedia.org/wiki/Saint_Helena,_Ascension_and_Tristan_da_Cunha","wikidata (with ISO3)"
https://en.wikipedia.org/wiki/Saint_Kitts_and_Nevis,"wikidata (with ISO3)"
https://en.wikipedia.org/wiki/Saint_Kitts_and_Nevis,"wikipedia (sovereign states)"
https://en.wikipedia.org/wiki/Saint_Lucia,"wikidata (with ISO3)"
https://en.wikipedia.org/wiki/Saint_Lucia,"wikipedia (sovereign states)"
https://en.wikipedia.org/wiki/Saint_Pierre_and_Miquelon,"wikidata (with ISO3)"
https://en.wikipedia.org/wiki/Saint_Pierre_and_Miquelon,"wikipedia (dependent states)"
https://en.wikipedia.org/wiki/Saint_Vincent_and_the_Grenadines,"wikidata (with ISO3)"
https://en.wikipedia.org/wiki/Saint_Vincent_and_the_Grenadines,"wikipedia (sovereign states)"
https://en.wikipedia.org/wiki/Samoa,"wikidata (with ISO3)"
https://en.wikipedia.org/wiki/Samoa,"wikipedia (sovereign states)"
https://en.wikipedia.org/wiki/San_Marino,"wikidata (with ISO3)"
https://en.wikipedia.org/wiki/San_Marino,"wikipedia (sovereign states)"
https://en.wikipedia.org/wiki/Sark,"wikipedia (dependent states)"
https://en.wikipedia.org/wiki/Saudi_Arabia,"wikidata (with ISO3)"
https://en.wikipedia.org/wiki/Saudi_Arabia,"wikipedia (sovereign states)"
https://en.wikipedia.org/wiki/Saxony,"wikimedia (extinct states)"
https://en.wikipedia.org/wiki/Senegal,"wikidata (with ISO3)"
https://en.wikipedia.org/wiki/Senegal,"wikipedia (sovereign states)"
https://en.wikipedia.org/wiki/Serbia,"wikidata (with ISO3)"
https://en.wikipedia.org/wiki/Serbia,"wikipedia (sovereign states)"
https://en.wikipedia.org/wiki/Seychelles,"wikidata (with ISO3)"
https://en.wikipedia.org/wiki/Seychelles,"wikipedia (sovereign states)"
https://en.wikipedia.org/wiki/Sierra_Leone,"wikidata (with ISO3)"
https://en.wikipedia.org/wiki/Sierra_Leone,"wikipedia (sovereign states)"
https://en.wikipedia.org/wiki/Sikkim,"wikimedia (extinct states)"
https://en.wikipedia.org/wiki/Singapore,"wikidata (with ISO3)"
https://en.wikipedia.org/wiki/Singapore,"wikipedia (sovereign states)"
https://en.wikipedia.org/wiki/Sint_Eustatius,"wikipedia (dependent states)"
https://en.wikipedia.org/wiki/Sint_Maarten,"wikidata (with ISO3)"
https://en.wikipedia.org/wiki/Sint_Maarten,"wikipedia (dependent states)"
https://en.wikipedia.org/wiki/Slovakia,"wikidata (with ISO3)"
https://en.wikipedia.org/wiki/Slovakia,"wikipedia (sovereign states)"
https://en.wikipedia.org/wiki/Slovenia,"wikidata (with ISO3)"
https://en.wikipedia.org/wiki/Slovenia,"wikipedia (sovereign states)"
https://en.wikipedia.org/wiki/Solomon_Islands,"wikidata (with ISO3)"
https://en.wikipedia.org/wiki/Solomon_Islands,"wikipedia (sovereign states)"
https://en.wikipedia.org/wiki/Somalia,"wikidata (with ISO3)"
https://en.wikipedia.org/wiki/Somalia,"wikipedia (sovereign states)"
https://en.wikipedia.org/wiki/Somaliland,"wikipedia (sovereign states)"
https://en.wikipedia.org/wiki/South_Africa,"wikidata (with ISO3)"
https://en.wikipedia.org/wiki/South_Africa,"wikipedia (sovereign states)"
https://en.wikipedia.org/wiki/South_African_Republic,"wikimedia (extinct states)"
https://en.wikipedia.org/wiki/South_Georgia_and_the_South_Sandwich_Islands,"wikidata (with ISO3)"
https://en.wikipedia.org/wiki/South_Georgia_and_the_South_Sandwich_Islands,"wikipedia (dependent states)"
https://en.wikipedia.org/wiki/South_Kasai,"wikimedia (extinct states)"
https://en.wikipedia.org/wiki/South_Korea,"wikidata (with ISO3)"
https://en.wikipedia.org/wiki/South_Korea,"wikipedia (sovereign states)"
https://en.wikipedia.org/wiki/South_Moluccas,"wikimedia (extinct states)"
https://en.wikipedia.org/wiki/South_Ossetia,"wikipedia (sovereign states)"
https://en.wikipedia.org/wiki/South_Sudan,"wikidata (with ISO3)"
https://en.wikipedia.org/wiki/South_Sudan,"wikipedia (sovereign states)"
https://en.wikipedia.org/wiki/South_Yemen,"wikimedia (extinct states)"
https://en.wikipedia.org/wiki/Soviet_Republic_of_Naissaar,"wikimedia (extinct states)"
https://en.wikipedia.org/wiki/Spain,"wikidata (with ISO3)"
https://en.wikipedia.org/wiki/Spain,"wikipedia (sovereign states)"
https://en.wikipedia.org/wiki/Sri_Lanka,"wikidata (with ISO3)"
https://en.wikipedia.org/wiki/Sri_Lanka,"wikipedia (sovereign states)"
https://en.wikipedia.org/wiki/State_of_Katanga,"wikimedia (extinct states)"
https://en.wikipedia.org/wiki/State_of_Muskogee,"wikimedia (extinct states)"
https://en.wikipedia.org/wiki/State_of_Palestine,"wikidata (with ISO3)"
https://en.wikipedia.org/wiki/State_of_Palestine,"wikipedia (sovereign states)"
https://en.wikipedia.org/wiki/Sudan,"wikidata (with ISO3)"
https://en.wikipedia.org/wiki/Sudan,"wikipedia (sovereign states)"
https://en.wikipedia.org/wiki/Sultanate_of_Banten,"wikimedia (extinct states)"
https://en.wikipedia.org/wiki/Suriname,"wikidata (with ISO3)"
https://en.wikipedia.org/wiki/Suriname,"wikipedia (sovereign states)"
https://en.wikipedia.org/wiki/Svalbard_and_Jan_Mayen,"wikidata (with ISO3)"
https://en.wikipedia.org/wiki/Swaziland,"wikidata (with ISO3)"
https://en.wikipedia.org/wiki/Swaziland,"wikipedia (sovereign states)"
https://en.wikipedia.org/wiki/Sweden,"wikidata (with ISO3)"
https://en.wikipedia.org/wiki/Sweden,"wikipedia (sovereign states)"
https://en.wikipedia.org/wiki/Switzerland,"wikidata (with ISO3)"
https://en.wikipedia.org/wiki/Switzerland,"wikipedia (sovereign states)"
https://en.wikipedia.org/wiki/Syria,"wikidata (with ISO3)"
https://en.wikipedia.org/wiki/Syria,"wikipedia (sovereign states)"
"https://en.wikipedia.org/wiki/São_Tomé_and_Príncipe","wikidata (with ISO3)"
https://en.wikipedia.org/wiki/Taiwan,"wikidata (with ISO3)"
https://en.wikipedia.org/wiki/Taiwan,"wikipedia (sovereign states)"
https://en.wikipedia.org/wiki/Tajikistan,"wikidata (with ISO3)"
https://en.wikipedia.org/wiki/Tajikistan,"wikipedia (sovereign states)"
https://en.wikipedia.org/wiki/Tanganyika,"wikimedia (extinct states)"
https://en.wikipedia.org/wiki/Tannu_Tuva,"wikimedia (extinct states)"
https://en.wikipedia.org/wiki/Tanzania,"wikidata (with ISO3)"
https://en.wikipedia.org/wiki/Tanzania,"wikipedia (sovereign states)"
https://en.wikipedia.org/wiki/Tavolara,"wikimedia (extinct states)"
https://en.wikipedia.org/wiki/Thailand,"wikidata (with ISO3)"
https://en.wikipedia.org/wiki/Thailand,"wikipedia (sovereign states)"
https://en.wikipedia.org/wiki/The_Bahamas,"wikidata (with ISO3)"
https://en.wikipedia.org/wiki/The_Bahamas,"wikipedia (sovereign states)"
https://en.wikipedia.org/wiki/The_Gambia,"wikidata (with ISO3)"
https://en.wikipedia.org/wiki/The_Gambia,"wikipedia (sovereign states)"
https://en.wikipedia.org/wiki/Tibet,"wikimedia (extinct states)"
https://en.wikipedia.org/wiki/Togo,"wikidata (with ISO3)"
https://en.wikipedia.org/wiki/Togo,"wikipedia (sovereign states)"
https://en.wikipedia.org/wiki/Tokelau,"wikidata (with ISO3)"
https://en.wikipedia.org/wiki/Tokelau,"wikipedia (dependent states)"
https://en.wikipedia.org/wiki/Tonga,"wikidata (with ISO3)"
https://en.wikipedia.org/wiki/Tonga,"wikipedia (sovereign states)"
https://en.wikipedia.org/wiki/Transkei,"wikimedia (extinct states)"
https://en.wikipedia.org/wiki/Transnistria,"wikipedia (sovereign states)"
https://en.wikipedia.org/wiki/Trinidad_and_Tobago,"wikidata (with ISO3)"
https://en.wikipedia.org/wiki/Trinidad_and_Tobago,"wikipedia (sovereign states)"
https://en.wikipedia.org/wiki/Tristan_da_Cunha,"wikipedia (dependent states)"
https://en.wikipedia.org/wiki/Tunisia,"wikidata (with ISO3)"
https://en.wikipedia.org/wiki/Tunisia,"wikipedia (sovereign states)"
https://en.wikipedia.org/wiki/Turkey,"wikidata (with ISO3)"
https://en.wikipedia.org/wiki/Turkey,"wikipedia (sovereign states)"
https://en.wikipedia.org/wiki/Turkmenistan,"wikidata (with ISO3)"
https://en.wikipedia.org/wiki/Turkmenistan,"wikipedia (sovereign states)"
https://en.wikipedia.org/wiki/Turks_and_Caicos_Islands,"wikidata (with ISO3)"
https://en.wikipedia.org/wiki/Turks_and_Caicos_Islands,"wikipedia (dependent states)"
https://en.wikipedia.org/wiki/Tuvalu,"wikidata (with ISO3)"
https://en.wikipedia.org/wiki/Tuvalu,"wikipedia (sovereign states)"
https://en.wikipedia.org/wiki/Uganda,"wikidata (with ISO3)"
https://en.wikipedia.org/wiki/Uganda,"wikipedia (sovereign states)"
https://en.wikipedia.org/wiki/Ukraine,"wikidata (with ISO3)"
https://en.wikipedia.org/wiki/Ukraine,"wikipedia (sovereign states)"
https://en.wikipedia.org/wiki/Union_of_Soviet_Socialist_Republics,"wikimedia (extinct states)"
https://en.wikipedia.org/wiki/United_Arab_Emirates,"wikidata (with ISO3)"
https://en.wikipedia.org/wiki/United_Arab_Emirates,"wikipedia (sovereign states)"
https://en.wikipedia.org/wiki/United_Kingdom,"wikidata (with ISO3)"
https://en.wikipedia.org/wiki/United_Kingdom,"wikipedia (sovereign states)"
https://en.wikipedia.org/wiki/United_States,"wikidata (with ISO3)"
https://en.wikipedia.org/wiki/United_States,"wikipedia (sovereign states)"
https://en.wikipedia.org/wiki/United_States_Minor_Outlying_Islands,"wikidata (with ISO3)"
https://en.wikipedia.org/wiki/United_States_Virgin_Islands,"wikidata (with ISO3)"
https://en.wikipedia.org/wiki/United_States_Virgin_Islands,"wikipedia (dependent states)"
https://en.wikipedia.org/wiki/Uruguay,"wikidata (with ISO3)"
https://en.wikipedia.org/wiki/Uruguay,"wikipedia (sovereign states)"
https://en.wikipedia.org/wiki/Uzbekistan,"wikidata (with ISO3)"
https://en.wikipedia.org/wiki/Uzbekistan,"wikipedia (sovereign states)"
https://en.wikipedia.org/wiki/Vanuatu,"wikidata (with ISO3)"
https://en.wikipedia.org/wiki/Vanuatu,"wikipedia (sovereign states)"
https://en.wikipedia.org/wiki/Vatican_City,"wikidata (with ISO3)"
https://en.wikipedia.org/wiki/Vatican_City,"wikipedia (sovereign states)"
https://en.wikipedia.org/wiki/Venda,"wikimedia (extinct states)"
https://en.wikipedia.org/wiki/Venezuela,"wikidata (with ISO3)"
https://en.wikipedia.org/wiki/Venezuela,"wikipedia (sovereign states)"
https://en.wikipedia.org/wiki/Vermont_Republic,"wikimedia (extinct states)"
https://en.wikipedia.org/wiki/Vietnam,"wikidata (with ISO3)"
https://en.wikipedia.org/wiki/Vietnam,"wikipedia (sovereign states)"
https://en.wikipedia.org/wiki/W%C3%BCrttemberg,"wikimedia (extinct states)"
https://en.wikipedia.org/wiki/Wales,"wikimedia (extinct states)"
https://en.wikipedia.org/wiki/Wallis_and_Futuna,"wikidata (with ISO3)"
https://en.wikipedia.org/wiki/Wallis_and_Futuna,"wikipedia (dependent states)"
https://en.wikipedia.org/wiki/West_Indies_Federation,"wikimedia (extinct states)"
https://en.wikipedia.org/wiki/West_Ukrainian_People%27s_Republic,"wikimedia (extinct states)"
https://en.wikipedia.org/wiki/Western_Sahara,"wikidata (with ISO3)"
https://en.wikipedia.org/wiki/Yemen,"wikidata (with ISO3)"
https://en.wikipedia.org/wiki/Yemen,"wikipedia (sovereign states)"
https://en.wikipedia.org/wiki/Yugoslavia,"wikidata (with ISO3)"
https://en.wikipedia.org/wiki/Zambia,"wikidata (with ISO3)"
https://en.wikipedia.org/wiki/Zambia,"wikipedia (sovereign states)"
https://en.wikipedia.org/wiki/Zimbabwe,"wikidata (with ISO3)"
https://en.wikipedia.org/wiki/Zimbabwe,"wikipedia (sovereign states)"
"https://en.wikipedia.org/wiki/Åland_Islands","wikidata (with ISO3)"
https:/w/index.php?title=Republic_of_Yucat%C3%A1n&action=edit&redlink=1,"wikimedia (extinct states)"
https:/wiki/Acre,"wikimedia (extinct states)"
